记录编号,地点,出现的恶魔,威胁值,持续分钟数
A01,北方峡谷,炎角兽/雾铃魔,84,19
A02,迷雾森林,藤甲魔/苔帽魔,73,24
A03,冰封山口,冰翼魔/镜翼魔,89,12
A04,西侧哨塔,砂爪魔/墨鳍魔,68,17
A05,北方峡谷,岩背魔,100,23
A06,东侧石桥,雾铃魔/藤甲魔,58,28
A07,西侧哨塔,炎角兽/砂爪魔,96,16
A08,迷雾森林,雾铃魔/镜翼魔,91,11
A09,东侧石桥,藤甲魔/苔帽魔/墨鳍魔,86,25
A10,冰封山口,冰翼魔/砂爪魔,44,20
A11,北方峡谷,雾铃魔/墨鳍魔,78,14
A12,西侧哨塔,炎角兽/藤甲魔,92,27
A13,迷雾森林,苔帽魔/镜翼魔,90,18
A14,东侧石桥,雾铃魔/冰翼魔,83,22
A15,冰封山口,冰翼魔/墨鳍魔,52,15
A16,西侧哨塔,砂爪魔/藤甲魔,88,24
A17,北方峡谷,炎角兽/苔帽魔,41,13
A18,迷雾森林,雾铃魔/砂爪魔,65,29
A19,东侧石桥,镜翼魔/墨鳍魔,40,21
A20,冰封山口,冰翼魔/藤甲魔,63,17
A21,西侧哨塔,雾铃魔/炎角兽/镜翼魔,69,26
A22,北方峡谷,炎角兽/砂爪魔,85,12
A23,迷雾森林,藤甲魔/苔帽魔,69,23
A24,东侧石桥,雾铃魔/苔帽魔,80,18
A25,冰封山口,冰翼魔/镜翼魔,96,10
A26,西侧哨塔,砂爪魔/墨鳍魔,55,28
A27,北方峡谷,炎角兽/藤甲魔/苔帽魔,54,16
A28,迷雾森林,雾铃魔/墨鳍魔/冰翼魔,94,21
A29,东侧石桥,镜翼魔/苔帽魔,63,25
A30,冰封山口,冰翼魔/砂爪魔,81,14
A31,西侧哨塔,藤甲魔/墨鳍魔,79,22
A32,北方峡谷,雾铃魔/藤甲魔,44,17
A33,迷雾森林,炎角兽/苔帽魔,67,27
A34,东侧石桥,砂爪魔/镜翼魔,68,19
A35,冰封山口,冰翼魔/墨鳍魔,91,24
A36,西侧哨塔,藤甲魔/苔帽魔/砂爪魔,52,15
