id,kind,height,speed,mass
D001,炎角兽族,180.0,6.2,86.0
D002,藤甲魔族,215.9,5.9,125.1
D003,冰翼魔族,136.6,11.6,57.7
D004,炎角兽族,205.0,11.7,101.0
D005,藤甲魔族,197.4,5.6,120.5
D006,冰翼魔族,154.8,9.6,65.1
D007,炎角兽族,179.1,9.6,88.6
D008,藤甲魔族,194.4,5.1,146.9
D009,冰翼魔族,135.1,8.3,45.4
D010,炎角兽族,148.1,7.8,55.9
D011,藤甲魔族,187.4,5.7,109.7
D012,冰翼魔族,124.6,10.4,42.1
D013,炎角兽族,141.3,6.4,55.5
D014,藤甲魔族,199.5,2.9,93.4
D015,冰翼魔族,149.5,9.5,53.4
D016,炎角兽族,130.5,9.1,51.1
D017,藤甲魔族,228.7,5.0,141.6
D018,冰翼魔族,134.6,6.8,29.7
D019,炎角兽族,159.4,9.0,90.2
D020,藤甲魔族,200.6,5.1,114.7
D021,冰翼魔族,147.5,11.5,51.5
D022,炎角兽族,180.7,8.4,80.6
D023,藤甲魔族,181.8,7.6,119.2
D024,冰翼魔族,131.7,12.4,31.0
D025,炎角兽族,137.0,6.8,62.2
D026,藤甲魔族,199.3,7.7,99.1
D027,冰翼魔族,149.2,11.1,41.1
D028,炎角兽族,201.3,8.3,107.9
D029,藤甲魔族,178.5,4.1,93.6
D030,冰翼魔族,98.0,12.6,24
D031,炎角兽族,176.3,7.3,83.3
D032,藤甲魔族,202.6,4.2,112.4
D033,冰翼魔族,124.2,11.7,33.6
D034,炎角兽族,172.9,7.4,84.4
D035,藤甲魔族,225.8,5.9,140.2
D036,冰翼魔族,132.9,9.0,46.4
D037,炎角兽族,145.5,8.9,55.7
D038,藤甲魔族,176.0,6.1,100.5
D039,冰翼魔族,103.0,10.7,24
D040,炎角兽族,155.2,10.1,61.7
D041,藤甲魔族,164.8,6.5,106.8
D042,冰翼魔族,134.2,9.8,63.3
D043,炎角兽族,183.5,8.5,85.1
D044,藤甲魔族,219.0,3.1,129.1
D045,冰翼魔族,149.5,9.7,52.1
D046,炎角兽族,141.0,7.7,48.5
D047,藤甲魔族,200.1,4.7,137.5
D048,冰翼魔族,141.0,10.1,38.8
D049,炎角兽族,143.3,7.9,79.3
D050,藤甲魔族,161.2,7.3,81.9
D051,冰翼魔族,154.8,10.1,49.0
D052,炎角兽族,156.3,8.9,39.8
D053,藤甲魔族,211.6,6.5,121.0
D054,冰翼魔族,139.4,9.0,44.0
D055,炎角兽族,159.8,8.7,53.0
D056,藤甲魔族,187.8,4.0,116.4
D057,冰翼魔族,135.8,11.3,41.2
D058,炎角兽族,159.6,7.5,67.9
D059,藤甲魔族,222.4,2.2,120.5
D060,冰翼魔族,144.5,10.0,63.7
D061,炎角兽族,178.5,6.7,63.8
D062,藤甲魔族,214.5,4.6,119.0
D063,冰翼魔族,132.5,9.9,51.5
D064,炎角兽族,129.7,8.3,55.8
D065,藤甲魔族,187.0,7.3,102.7
D066,冰翼魔族,140.7,12.0,58.8
D067,炎角兽族,162.5,8.3,59.6
D068,藤甲魔族,172.0,5.8,93.1
D069,冰翼魔族,114.0,12.6,47.2
D070,炎角兽族,141.1,7.2,90.6
D071,藤甲魔族,198.8,4.1,111.8
D072,冰翼魔族,153.6,10.6,59.6
D073,炎角兽族,162.2,8.1,78.3
D074,藤甲魔族,221.5,6.8,119.8
D075,冰翼魔族,130.6,12.0,24
D076,炎角兽族,127.6,10.2,34.3
D077,藤甲魔族,181.2,4.9,78.8
D078,冰翼魔族,149.4,10.4,69.9
D079,炎角兽族,171.6,6.4,94.1
D080,藤甲魔族,181.6,3.9,101.2
D081,冰翼魔族,150.3,10.2,43.5
D082,炎角兽族,171.7,6.6,75.0
D083,藤甲魔族,196.7,4.5,124.2
D084,冰翼魔族,115.4,13.1,41.7
D085,炎角兽族,174.5,8.8,75.7
D086,藤甲魔族,210.3,6.0,122.7
D087,冰翼魔族,99.5,11.4,24
D088,炎角兽族,150.5,9.8,78.2
D089,藤甲魔族,226.2,4.2,112.8
D090,冰翼魔族,100.2,10.6,24
