id,kind,billLength,billDepth,flipper,mass
P001,阿德利企鹅,39.1,18.7,181.0,3750.0
P002,阿德利企鹅,39.5,17.4,186.0,3800.0
P003,阿德利企鹅,40.3,18.0,195.0,3250.0
P005,阿德利企鹅,36.7,19.3,193.0,3450.0
P006,阿德利企鹅,39.3,20.6,190.0,3650.0
P007,阿德利企鹅,38.9,17.8,181.0,3625.0
P008,阿德利企鹅,39.2,19.6,195.0,4675.0
P009,阿德利企鹅,34.1,18.1,193.0,3475.0
P010,阿德利企鹅,42.0,20.2,190.0,4250.0
P011,阿德利企鹅,37.8,17.1,186.0,3300.0
P012,阿德利企鹅,37.8,17.3,180.0,3700.0
P013,阿德利企鹅,41.1,17.6,182.0,3200.0
P014,阿德利企鹅,38.6,21.2,191.0,3800.0
P015,阿德利企鹅,34.6,21.1,198.0,4400.0
P016,阿德利企鹅,36.6,17.8,185.0,3700.0
P017,阿德利企鹅,38.7,19.0,195.0,3450.0
P018,阿德利企鹅,42.5,20.7,197.0,4500.0
P019,阿德利企鹅,34.4,18.4,184.0,3325.0
P020,阿德利企鹅,46.0,21.5,194.0,4200.0
P021,阿德利企鹅,37.8,18.3,174.0,3400.0
P022,阿德利企鹅,37.7,18.7,180.0,3600.0
P023,阿德利企鹅,35.9,19.2,189.0,3800.0
P024,阿德利企鹅,38.2,18.1,185.0,3950.0
P025,阿德利企鹅,38.8,17.2,180.0,3800.0
P026,阿德利企鹅,35.3,18.9,187.0,3800.0
P027,阿德利企鹅,40.6,18.6,183.0,3550.0
P028,阿德利企鹅,40.5,17.9,187.0,3200.0
P029,阿德利企鹅,37.9,18.6,172.0,3150.0
P030,阿德利企鹅,40.5,18.9,180.0,3950.0
P031,阿德利企鹅,39.5,16.7,178.0,3250.0
P032,阿德利企鹅,37.2,18.1,178.0,3900.0
P033,阿德利企鹅,39.5,17.8,188.0,3300.0
P034,阿德利企鹅,40.9,18.9,184.0,3900.0
P035,阿德利企鹅,36.4,17.0,195.0,3325.0
P036,阿德利企鹅,39.2,21.1,196.0,4150.0
P037,阿德利企鹅,38.8,20.0,190.0,3950.0
P038,阿德利企鹅,42.2,18.5,180.0,3550.0
P039,阿德利企鹅,37.6,19.3,181.0,3300.0
P040,阿德利企鹅,39.8,19.1,184.0,4650.0
P041,阿德利企鹅,36.5,18.0,182.0,3150.0
P042,阿德利企鹅,40.8,18.4,195.0,3900.0
P043,阿德利企鹅,36.0,18.5,186.0,3100.0
P044,阿德利企鹅,44.1,19.7,196.0,4400.0
P045,阿德利企鹅,37.0,16.9,185.0,3000.0
P046,阿德利企鹅,39.6,18.8,190.0,4600.0
P047,阿德利企鹅,41.1,19.0,182.0,3425.0
P048,阿德利企鹅,37.5,18.9,179.0,2975.0
P049,阿德利企鹅,36.0,17.9,190.0,3450.0
P050,阿德利企鹅,42.3,21.2,191.0,4150.0
P051,阿德利企鹅,39.6,17.7,186.0,3500.0
P052,阿德利企鹅,40.1,18.9,188.0,4300.0
P053,阿德利企鹅,35.0,17.9,190.0,3450.0
P054,阿德利企鹅,42.0,19.5,200.0,4050.0
P055,阿德利企鹅,34.5,18.1,187.0,2900.0
P056,阿德利企鹅,41.4,18.6,191.0,3700.0
P057,阿德利企鹅,39.0,17.5,186.0,3550.0
P058,阿德利企鹅,40.6,18.8,193.0,3800.0
P059,阿德利企鹅,36.5,16.6,181.0,2850.0
P060,阿德利企鹅,37.6,19.1,194.0,3750.0
P061,阿德利企鹅,35.7,16.9,185.0,3150.0
P062,阿德利企鹅,41.3,21.1,195.0,4400.0
P063,阿德利企鹅,37.6,17.0,185.0,3600.0
P064,阿德利企鹅,41.1,18.2,192.0,4050.0
P065,阿德利企鹅,36.4,17.1,184.0,2850.0
P066,阿德利企鹅,41.6,18.0,192.0,3950.0
P067,阿德利企鹅,35.5,16.2,195.0,3350.0
P068,阿德利企鹅,41.1,19.1,188.0,4100.0
P069,阿德利企鹅,35.9,16.6,190.0,3050.0
P070,阿德利企鹅,41.8,19.4,198.0,4450.0
P071,阿德利企鹅,33.5,19.0,190.0,3600.0
P072,阿德利企鹅,39.7,18.4,190.0,3900.0
P073,阿德利企鹅,39.6,17.2,196.0,3550.0
P074,阿德利企鹅,45.8,18.9,197.0,4150.0
P075,阿德利企鹅,35.5,17.5,190.0,3700.0
P076,阿德利企鹅,42.8,18.5,195.0,4250.0
P077,阿德利企鹅,40.9,16.8,191.0,3700.0
P078,阿德利企鹅,37.2,19.4,184.0,3900.0
P079,阿德利企鹅,36.2,16.1,187.0,3550.0
P080,阿德利企鹅,42.1,19.1,195.0,4000.0
P081,阿德利企鹅,34.6,17.2,189.0,3200.0
P082,阿德利企鹅,42.9,17.6,196.0,4700.0
P083,阿德利企鹅,36.7,18.8,187.0,3800.0
P084,阿德利企鹅,35.1,19.4,193.0,4200.0
P085,阿德利企鹅,37.3,17.8,191.0,3350.0
P086,阿德利企鹅,41.3,20.3,194.0,3550.0
P087,阿德利企鹅,36.3,19.5,190.0,3800.0
P088,阿德利企鹅,36.9,18.6,189.0,3500.0
P089,阿德利企鹅,38.3,19.2,189.0,3950.0
P090,阿德利企鹅,38.9,18.8,190.0,3600.0
P091,阿德利企鹅,35.7,18.0,202.0,3550.0
P092,阿德利企鹅,41.1,18.1,205.0,4300.0
P093,阿德利企鹅,34.0,17.1,185.0,3400.0
P094,阿德利企鹅,39.6,18.1,186.0,4450.0
P095,阿德利企鹅,36.2,17.3,187.0,3300.0
P096,阿德利企鹅,40.8,18.9,208.0,4300.0
P097,阿德利企鹅,38.1,18.6,190.0,3700.0
P098,阿德利企鹅,40.3,18.5,196.0,4350.0
P099,阿德利企鹅,33.1,16.1,178.0,2900.0
P100,阿德利企鹅,43.2,18.5,192.0,4100.0
P101,阿德利企鹅,35.0,17.9,192.0,3725.0
P102,阿德利企鹅,41.0,20.0,203.0,4725.0
P103,阿德利企鹅,37.7,16.0,183.0,3075.0
P104,阿德利企鹅,37.8,20.0,190.0,4250.0
P105,阿德利企鹅,37.9,18.6,193.0,2925.0
P106,阿德利企鹅,39.7,18.9,184.0,3550.0
P107,阿德利企鹅,38.6,17.2,199.0,3750.0
P108,阿德利企鹅,38.2,20.0,190.0,3900.0
P109,阿德利企鹅,38.1,17.0,181.0,3175.0
P110,阿德利企鹅,43.2,19.0,197.0,4775.0
P111,阿德利企鹅,38.1,16.5,198.0,3825.0
P112,阿德利企鹅,45.6,20.3,191.0,4600.0
P113,阿德利企鹅,39.7,17.7,193.0,3200.0
P114,阿德利企鹅,42.2,19.5,197.0,4275.0
P115,阿德利企鹅,39.6,20.7,191.0,3900.0
P116,阿德利企鹅,42.7,18.3,196.0,4075.0
P117,阿德利企鹅,38.6,17.0,188.0,2900.0
P118,阿德利企鹅,37.3,20.5,199.0,3775.0
P119,阿德利企鹅,35.7,17.0,189.0,3350.0
P120,阿德利企鹅,41.1,18.6,189.0,3325.0
P121,阿德利企鹅,36.2,17.2,187.0,3150.0
P122,阿德利企鹅,37.7,19.8,198.0,3500.0
P123,阿德利企鹅,40.2,17.0,176.0,3450.0
P124,阿德利企鹅,41.4,18.5,202.0,3875.0
P125,阿德利企鹅,35.2,15.9,186.0,3050.0
P126,阿德利企鹅,40.6,19.0,199.0,4000.0
P127,阿德利企鹅,38.8,17.6,191.0,3275.0
P128,阿德利企鹅,41.5,18.3,195.0,4300.0
P129,阿德利企鹅,39.0,17.1,191.0,3050.0
P130,阿德利企鹅,44.1,18.0,210.0,4000.0
P131,阿德利企鹅,38.5,17.9,190.0,3325.0
P132,阿德利企鹅,43.1,19.2,197.0,3500.0
P133,阿德利企鹅,36.8,18.5,193.0,3500.0
P134,阿德利企鹅,37.5,18.5,199.0,4475.0
P135,阿德利企鹅,38.1,17.6,187.0,3425.0
P136,阿德利企鹅,41.1,17.5,190.0,3900.0
P137,阿德利企鹅,35.6,17.5,191.0,3175.0
P138,阿德利企鹅,40.2,20.1,200.0,3975.0
P139,阿德利企鹅,37.0,16.5,185.0,3400.0
P140,阿德利企鹅,39.7,17.9,193.0,4250.0
P141,阿德利企鹅,40.2,17.1,193.0,3400.0
P142,阿德利企鹅,40.6,17.2,187.0,3475.0
P143,阿德利企鹅,32.1,15.5,188.0,3050.0
P144,阿德利企鹅,40.7,17.0,190.0,3725.0
P145,阿德利企鹅,37.3,16.8,192.0,3000.0
P146,阿德利企鹅,39.0,18.7,185.0,3650.0
P147,阿德利企鹅,39.2,18.6,190.0,4250.0
P148,阿德利企鹅,36.6,18.4,184.0,3475.0
P149,阿德利企鹅,36.0,17.8,195.0,3450.0
P150,阿德利企鹅,37.8,18.1,193.0,3750.0
P151,阿德利企鹅,36.0,17.1,187.0,3700.0
P152,阿德利企鹅,41.5,18.5,201.0,4000.0
P153,巴布亚企鹅,46.1,13.2,211.0,4500.0
P154,巴布亚企鹅,50.0,16.3,230.0,5700.0
P155,巴布亚企鹅,48.7,14.1,210.0,4450.0
P156,巴布亚企鹅,50.0,15.2,218.0,5700.0
P157,巴布亚企鹅,47.6,14.5,215.0,5400.0
P158,巴布亚企鹅,46.5,13.5,210.0,4550.0
P159,巴布亚企鹅,45.4,14.6,211.0,4800.0
P160,巴布亚企鹅,46.7,15.3,219.0,5200.0
P161,巴布亚企鹅,43.3,13.4,209.0,4400.0
P162,巴布亚企鹅,46.8,15.4,215.0,5150.0
P163,巴布亚企鹅,40.9,13.7,214.0,4650.0
P164,巴布亚企鹅,49.0,16.1,216.0,5550.0
P165,巴布亚企鹅,45.5,13.7,214.0,4650.0
P166,巴布亚企鹅,48.4,14.6,213.0,5850.0
P167,巴布亚企鹅,45.8,14.6,210.0,4200.0
P168,巴布亚企鹅,49.3,15.7,217.0,5850.0
P169,巴布亚企鹅,42.0,13.5,210.0,4150.0
P170,巴布亚企鹅,49.2,15.2,221.0,6300.0
P171,巴布亚企鹅,46.2,14.5,209.0,4800.0
P172,巴布亚企鹅,48.7,15.1,222.0,5350.0
P173,巴布亚企鹅,50.2,14.3,218.0,5700.0
P174,巴布亚企鹅,45.1,14.5,215.0,5000.0
P175,巴布亚企鹅,46.5,14.5,213.0,4400.0
P176,巴布亚企鹅,46.3,15.8,215.0,5050.0
P177,巴布亚企鹅,42.9,13.1,215.0,5000.0
P178,巴布亚企鹅,46.1,15.1,215.0,5100.0
P179,巴布亚企鹅,44.5,14.3,216.0,4100.0
P180,巴布亚企鹅,47.8,15.0,215.0,5650.0
P181,巴布亚企鹅,48.2,14.3,210.0,4600.0
P182,巴布亚企鹅,50.0,15.3,220.0,5550.0
P183,巴布亚企鹅,47.3,15.3,222.0,5250.0
P184,巴布亚企鹅,42.8,14.2,209.0,4700.0
P185,巴布亚企鹅,45.1,14.5,207.0,5050.0
P186,巴布亚企鹅,59.6,17.0,230.0,6050.0
P187,巴布亚企鹅,49.1,14.8,220.0,5150.0
P188,巴布亚企鹅,48.4,16.3,220.0,5400.0
P189,巴布亚企鹅,42.6,13.7,213.0,4950.0
P190,巴布亚企鹅,44.4,17.3,219.0,5250.0
P191,巴布亚企鹅,44.0,13.6,208.0,4350.0
P192,巴布亚企鹅,48.7,15.7,208.0,5350.0
P193,巴布亚企鹅,42.7,13.7,208.0,3950.0
P194,巴布亚企鹅,49.6,16.0,225.0,5700.0
P195,巴布亚企鹅,45.3,13.7,210.0,4300.0
P196,巴布亚企鹅,49.6,15.0,216.0,4750.0
P197,巴布亚企鹅,50.5,15.9,222.0,5550.0
P198,巴布亚企鹅,43.6,13.9,217.0,4900.0
P199,巴布亚企鹅,45.5,13.9,210.0,4200.0
P200,巴布亚企鹅,50.5,15.9,225.0,5400.0
P201,巴布亚企鹅,44.9,13.3,213.0,5100.0
P202,巴布亚企鹅,45.2,15.8,215.0,5300.0
P203,巴布亚企鹅,46.6,14.2,210.0,4850.0
P204,巴布亚企鹅,48.5,14.1,220.0,5300.0
P205,巴布亚企鹅,45.1,14.4,210.0,4400.0
P206,巴布亚企鹅,50.1,15.0,225.0,5000.0
P207,巴布亚企鹅,46.5,14.4,217.0,4900.0
P208,巴布亚企鹅,45.0,15.4,220.0,5050.0
P209,巴布亚企鹅,43.8,13.9,208.0,4300.0
P210,巴布亚企鹅,45.5,15.0,220.0,5000.0
P211,巴布亚企鹅,43.2,14.5,208.0,4450.0
P212,巴布亚企鹅,50.4,15.3,224.0,5550.0
P213,巴布亚企鹅,45.3,13.8,208.0,4200.0
P214,巴布亚企鹅,46.2,14.9,221.0,5300.0
P215,巴布亚企鹅,45.7,13.9,214.0,4400.0
P216,巴布亚企鹅,54.3,15.7,231.0,5650.0
P217,巴布亚企鹅,45.8,14.2,219.0,4700.0
P218,巴布亚企鹅,49.8,16.8,230.0,5700.0
P219,巴布亚企鹅,46.2,14.4,214.0,4650.0
P220,巴布亚企鹅,49.5,16.2,229.0,5800.0
P221,巴布亚企鹅,43.5,14.2,220.0,4700.0
P222,巴布亚企鹅,50.7,15.0,223.0,5550.0
P223,巴布亚企鹅,47.7,15.0,216.0,4750.0
P224,巴布亚企鹅,46.4,15.6,221.0,5000.0
P225,巴布亚企鹅,48.2,15.6,221.0,5100.0
P226,巴布亚企鹅,46.5,14.8,217.0,5200.0
P227,巴布亚企鹅,46.4,15.0,216.0,4700.0
P228,巴布亚企鹅,48.6,16.0,230.0,5800.0
P229,巴布亚企鹅,47.5,14.2,209.0,4600.0
P230,巴布亚企鹅,51.1,16.3,220.0,6000.0
P231,巴布亚企鹅,45.2,13.8,215.0,4750.0
P232,巴布亚企鹅,45.2,16.4,223.0,5950.0
P233,巴布亚企鹅,49.1,14.5,212.0,4625.0
P234,巴布亚企鹅,52.5,15.6,221.0,5450.0
P235,巴布亚企鹅,47.4,14.6,212.0,4725.0
P236,巴布亚企鹅,50.0,15.9,224.0,5350.0
P237,巴布亚企鹅,44.9,13.8,212.0,4750.0
P238,巴布亚企鹅,50.8,17.3,228.0,5600.0
P239,巴布亚企鹅,43.4,14.4,218.0,4600.0
P240,巴布亚企鹅,51.3,14.2,218.0,5300.0
P241,巴布亚企鹅,47.5,14.0,212.0,4875.0
P242,巴布亚企鹅,52.1,17.0,230.0,5550.0
P243,巴布亚企鹅,47.5,15.0,218.0,4950.0
P244,巴布亚企鹅,52.2,17.1,228.0,5400.0
P245,巴布亚企鹅,45.5,14.5,212.0,4750.0
P246,巴布亚企鹅,49.5,16.1,224.0,5650.0
P247,巴布亚企鹅,44.5,14.7,214.0,4850.0
P248,巴布亚企鹅,50.8,15.7,226.0,5200.0
P249,巴布亚企鹅,49.4,15.8,216.0,4925.0
P250,巴布亚企鹅,46.9,14.6,222.0,4875.0
P251,巴布亚企鹅,48.4,14.4,203.0,4625.0
P252,巴布亚企鹅,51.1,16.5,225.0,5250.0
P253,巴布亚企鹅,48.5,15.0,219.0,4850.0
P254,巴布亚企鹅,55.9,17.0,228.0,5600.0
P255,巴布亚企鹅,47.2,15.5,215.0,4975.0
P256,巴布亚企鹅,49.1,15.0,228.0,5500.0
P257,巴布亚企鹅,47.3,13.8,216.0,4725.0
P258,巴布亚企鹅,46.8,16.1,215.0,5500.0
P259,巴布亚企鹅,41.7,14.7,210.0,4700.0
P260,巴布亚企鹅,53.4,15.8,219.0,5500.0
P261,巴布亚企鹅,43.3,14.0,208.0,4575.0
P262,巴布亚企鹅,48.1,15.1,209.0,5500.0
P263,巴布亚企鹅,50.5,15.2,216.0,5000.0
P264,巴布亚企鹅,49.8,15.9,229.0,5950.0
P265,巴布亚企鹅,43.5,15.2,213.0,4650.0
P266,巴布亚企鹅,51.5,16.3,230.0,5500.0
P267,巴布亚企鹅,46.2,14.1,217.0,4375.0
P268,巴布亚企鹅,55.1,16.0,230.0,5850.0
P269,巴布亚企鹅,44.5,15.7,217.0,4875.0
P270,巴布亚企鹅,48.8,16.2,222.0,6000.0
P271,巴布亚企鹅,47.2,13.7,214.0,4925.0
P273,巴布亚企鹅,46.8,14.3,215.0,4850.0
P274,巴布亚企鹅,50.4,15.7,222.0,5750.0
P275,巴布亚企鹅,45.2,14.8,212.0,5200.0
P276,巴布亚企鹅,49.9,16.1,213.0,5400.0
P277,帽带企鹅,46.5,17.9,192.0,3500.0
P278,帽带企鹅,50.0,19.5,196.0,3900.0
P279,帽带企鹅,51.3,19.2,193.0,3650.0
P280,帽带企鹅,45.4,18.7,188.0,3525.0
P281,帽带企鹅,52.7,19.8,197.0,3725.0
P282,帽带企鹅,45.2,17.8,198.0,3950.0
P283,帽带企鹅,46.1,18.2,178.0,3250.0
P284,帽带企鹅,51.3,18.2,197.0,3750.0
P285,帽带企鹅,46.0,18.9,195.0,4150.0
P286,帽带企鹅,51.3,19.9,198.0,3700.0
P287,帽带企鹅,46.6,17.8,193.0,3800.0
P288,帽带企鹅,51.7,20.3,194.0,3775.0
P289,帽带企鹅,47.0,17.3,185.0,3700.0
P290,帽带企鹅,52.0,18.1,201.0,4050.0
P291,帽带企鹅,45.9,17.1,190.0,3575.0
P292,帽带企鹅,50.5,19.6,201.0,4050.0
P293,帽带企鹅,50.3,20.0,197.0,3300.0
P294,帽带企鹅,58.0,17.8,181.0,3700.0
P295,帽带企鹅,46.4,18.6,190.0,3450.0
P296,帽带企鹅,49.2,18.2,195.0,4400.0
P297,帽带企鹅,42.4,17.3,181.0,3600.0
P298,帽带企鹅,48.5,17.5,191.0,3400.0
P299,帽带企鹅,43.2,16.6,187.0,2900.0
P300,帽带企鹅,50.6,19.4,193.0,3800.0
P301,帽带企鹅,46.7,17.9,195.0,3300.0
P302,帽带企鹅,52.0,19.0,197.0,4150.0
P303,帽带企鹅,50.5,18.4,200.0,3400.0
P304,帽带企鹅,49.5,19.0,200.0,3800.0
P305,帽带企鹅,46.4,17.8,191.0,3700.0
P306,帽带企鹅,52.8,20.0,205.0,4550.0
P307,帽带企鹅,40.9,16.6,187.0,3200.0
P308,帽带企鹅,54.2,20.8,201.0,4300.0
P309,帽带企鹅,42.5,16.7,187.0,3350.0
P310,帽带企鹅,51.0,18.8,203.0,4100.0
P311,帽带企鹅,49.7,18.6,195.0,3600.0
P312,帽带企鹅,47.5,16.8,199.0,3900.0
P313,帽带企鹅,47.6,18.3,195.0,3850.0
P314,帽带企鹅,52.0,20.7,210.0,4800.0
P315,帽带企鹅,46.9,16.6,192.0,2700.0
P316,帽带企鹅,53.5,19.9,205.0,4500.0
P317,帽带企鹅,49.0,19.5,210.0,3950.0
P318,帽带企鹅,46.2,17.5,187.0,3650.0
P319,帽带企鹅,50.9,19.1,196.0,3550.0
P320,帽带企鹅,45.5,17.0,196.0,3500.0
P321,帽带企鹅,50.9,17.9,196.0,3675.0
P322,帽带企鹅,50.8,18.5,201.0,4450.0
P323,帽带企鹅,50.1,17.9,190.0,3400.0
P324,帽带企鹅,49.0,19.6,212.0,4300.0
P325,帽带企鹅,51.5,18.7,187.0,3250.0
P326,帽带企鹅,49.8,17.3,198.0,3675.0
P327,帽带企鹅,48.1,16.4,199.0,3325.0
P328,帽带企鹅,51.4,19.0,201.0,3950.0
P329,帽带企鹅,45.7,17.3,193.0,3600.0
P330,帽带企鹅,50.7,19.7,203.0,4050.0
P331,帽带企鹅,42.5,17.3,187.0,3350.0
P332,帽带企鹅,52.2,18.8,197.0,3450.0
P333,帽带企鹅,45.2,16.6,191.0,3250.0
P334,帽带企鹅,49.3,19.9,203.0,4050.0
P335,帽带企鹅,50.2,18.8,202.0,3800.0
P336,帽带企鹅,45.6,19.4,194.0,3525.0
P337,帽带企鹅,51.9,19.5,206.0,3950.0
P338,帽带企鹅,46.8,16.5,189.0,3650.0
P339,帽带企鹅,45.7,17.0,195.0,3650.0
P340,帽带企鹅,55.8,19.8,207.0,4000.0
P341,帽带企鹅,43.5,18.1,202.0,3400.0
P342,帽带企鹅,49.6,18.2,193.0,3775.0
P343,帽带企鹅,50.8,19.0,210.0,4100.0
P344,帽带企鹅,50.2,18.7,198.0,3775.0
